-- Gold-Finger Seed Data
-- Creates test users, accounts, categories, tags, and expenses for development
-- Run with: bun x supabase db reset (which runs migrations + seed)

-- ============================================
-- TEST USERS
-- In local dev, we create users directly in auth.users
-- Passwords are all "password123" (hashed)
-- ============================================

-- User 1: alice@example.com
INSERT INTO auth.users (
  id,
  instance_id,
  email,
  encrypted_password,
  email_confirmed_at,
  raw_user_meta_data,
  created_at,
  updated_at,
  aud,
  role
) VALUES (
  '11111111-1111-1111-1111-111111111111',
  '00000000-0000-0000-0000-000000000000',
  'alice@example.com',
  crypt('password123', gen_salt('bf')),
  NOW(),
  '{"display_name": "Alice Johnson"}'::jsonb,
  NOW(),
  NOW(),
  'authenticated',
  'authenticated'
);

-- User 2: bob@example.com
INSERT INTO auth.users (
  id,
  instance_id,
  email,
  encrypted_password,
  email_confirmed_at,
  raw_user_meta_data,
  created_at,
  updated_at,
  aud,
  role
) VALUES (
  '22222222-2222-2222-2222-222222222222',
  '00000000-0000-0000-0000-000000000000',
  'bob@example.com',
  crypt('password123', gen_salt('bf')),
  NOW(),
  '{"display_name": "Bob Smith"}'::jsonb,
  NOW(),
  NOW(),
  'authenticated',
  'authenticated'
);

-- User 3: charlie@example.com
INSERT INTO auth.users (
  id,
  instance_id,
  email,
  encrypted_password,
  email_confirmed_at,
  raw_user_meta_data,
  created_at,
  updated_at,
  aud,
  role
) VALUES (
  '33333333-3333-3333-3333-333333333333',
  '00000000-0000-0000-0000-000000000000',
  'charlie@example.com',
  crypt('password123', gen_salt('bf')),
  NOW(),
  '{"display_name": "Charlie Brown"}'::jsonb,
  NOW(),
  NOW(),
  'authenticated',
  'authenticated'
);

-- ============================================
-- IDENTITIES (required for Supabase auth to work)
-- ============================================

INSERT INTO auth.identities (
  id,
  user_id,
  identity_data,
  provider,
  provider_id,
  last_sign_in_at,
  created_at,
  updated_at
) VALUES
  (
    '11111111-1111-1111-1111-111111111111',
    '11111111-1111-1111-1111-111111111111',
    '{"sub": "11111111-1111-1111-1111-111111111111", "email": "alice@example.com"}'::jsonb,
    'email',
    'alice@example.com',
    NOW(),
    NOW(),
    NOW()
  ),
  (
    '22222222-2222-2222-2222-222222222222',
    '22222222-2222-2222-2222-222222222222',
    '{"sub": "22222222-2222-2222-2222-222222222222", "email": "bob@example.com"}'::jsonb,
    'email',
    'bob@example.com',
    NOW(),
    NOW(),
    NOW()
  ),
  (
    '33333333-3333-3333-3333-333333333333',
    '33333333-3333-3333-3333-333333333333',
    '{"sub": "33333333-3333-3333-3333-333333333333", "email": "charlie@example.com"}'::jsonb,
    'email',
    'charlie@example.com',
    NOW(),
    NOW(),
    NOW()
  );

-- ============================================
-- PROFILES (may be auto-created by trigger, so use upsert)
-- ============================================

INSERT INTO public.profiles (id, preferred_currency, theme, created_at) VALUES
  ('11111111-1111-1111-1111-111111111111', 'EUR', 'system', NOW()),
  ('22222222-2222-2222-2222-222222222222', 'USD', 'dark', NOW()),
  ('33333333-3333-3333-3333-333333333333', 'GBP', 'light', NOW())
ON CONFLICT (id) DO UPDATE SET
  preferred_currency = EXCLUDED.preferred_currency,
  theme = EXCLUDED.theme;

-- ============================================
-- ACCOUNTS
-- ============================================

-- Alice's Personal Account
INSERT INTO public.accounts (id, name, description, currency, icon, color) VALUES
  ('aaaa1111-0000-0000-0000-000000000001', 'Alice Personal', 'Alice''s personal expenses', 'EUR', 'wallet', '#6366f1');

-- Bob's Personal Account
INSERT INTO public.accounts (id, name, description, currency, icon, color) VALUES
  ('bbbb2222-0000-0000-0000-000000000001', 'Bob Personal', 'Bob''s personal expenses', 'USD', 'wallet', '#22c55e');

-- Charlie's Personal Account
INSERT INTO public.accounts (id, name, description, currency, icon, color) VALUES
  ('cccc3333-0000-0000-0000-000000000001', 'Charlie Personal', 'Charlie''s personal expenses', 'GBP', 'wallet', '#f59e0b');

-- Shared Account: Alice & Bob (Household)
INSERT INTO public.accounts (id, name, description, currency, icon, color) VALUES
  ('abab1212-0000-0000-0000-000000000001', 'Household (Alice & Bob)', 'Shared household expenses', 'EUR', 'home', '#ec4899');

-- Shared Account: Alice & Charlie (Project)
INSERT INTO public.accounts (id, name, description, currency, icon, color) VALUES
  ('acac1313-0000-0000-0000-000000000001', 'Project Alpha', 'Shared project expenses with Charlie', 'EUR', 'briefcase', '#8b5cf6');

-- ============================================
-- ACCOUNT MEMBERS
-- ============================================

-- Alice's Personal (owner)
INSERT INTO public.account_members (account_id, user_id, role) VALUES
  ('aaaa1111-0000-0000-0000-000000000001', '11111111-1111-1111-1111-111111111111', 'owner');

-- Bob's Personal (owner)
INSERT INTO public.account_members (account_id, user_id, role) VALUES
  ('bbbb2222-0000-0000-0000-000000000001', '22222222-2222-2222-2222-222222222222', 'owner');

-- Charlie's Personal (owner)
INSERT INTO public.account_members (account_id, user_id, role) VALUES
  ('cccc3333-0000-0000-0000-000000000001', '33333333-3333-3333-3333-333333333333', 'owner');

-- Household: Alice (owner) & Bob (member)
INSERT INTO public.account_members (account_id, user_id, role) VALUES
  ('abab1212-0000-0000-0000-000000000001', '11111111-1111-1111-1111-111111111111', 'owner'),
  ('abab1212-0000-0000-0000-000000000001', '22222222-2222-2222-2222-222222222222', 'member');

-- Project Alpha: Alice (owner) & Charlie (member)
INSERT INTO public.account_members (account_id, user_id, role) VALUES
  ('acac1313-0000-0000-0000-000000000001', '11111111-1111-1111-1111-111111111111', 'owner'),
  ('acac1313-0000-0000-0000-000000000001', '33333333-3333-3333-3333-333333333333', 'member');

-- ============================================
-- CATEGORIES (per account)
-- ============================================

-- Alice's Personal Categories (use ON CONFLICT as trigger creates defaults)
INSERT INTO public.categories (id, account_id, name, icon, color) VALUES
  ('ca1a0001-0000-0000-0000-000000000001', 'aaaa1111-0000-0000-0000-000000000001', 'Food & Dining', 'utensils', '#ef4444'),
  ('ca1a0002-0000-0000-0000-000000000001', 'aaaa1111-0000-0000-0000-000000000001', 'Transportation', 'car', '#3b82f6'),
  ('ca1a0003-0000-0000-0000-000000000001', 'aaaa1111-0000-0000-0000-000000000001', 'Shopping', 'shopping-bag', '#8b5cf6'),
  ('ca1a0004-0000-0000-0000-000000000001', 'aaaa1111-0000-0000-0000-000000000001', 'Entertainment', 'film', '#f59e0b'),
  ('ca1a0005-0000-0000-0000-000000000001', 'aaaa1111-0000-0000-0000-000000000001', 'Health', 'heart-pulse', '#ec4899')
ON CONFLICT (account_id, name) DO UPDATE SET id = EXCLUDED.id;

-- Bob's Personal Categories
INSERT INTO public.categories (id, account_id, name, icon, color) VALUES
  ('cb1b0001-0000-0000-0000-000000000001', 'bbbb2222-0000-0000-0000-000000000001', 'Food', 'utensils', '#ef4444'),
  ('cb1b0002-0000-0000-0000-000000000001', 'bbbb2222-0000-0000-0000-000000000001', 'Tech & Gadgets', 'laptop', '#3b82f6'),
  ('cb1b0003-0000-0000-0000-000000000001', 'bbbb2222-0000-0000-0000-000000000001', 'Sports', 'dumbbell', '#22c55e'),
  ('cb1b0004-0000-0000-0000-000000000001', 'bbbb2222-0000-0000-0000-000000000001', 'Subscriptions', 'credit-card', '#8b5cf6')
ON CONFLICT (account_id, name) DO UPDATE SET id = EXCLUDED.id;

-- Charlie's Personal Categories
INSERT INTO public.categories (id, account_id, name, icon, color) VALUES
  ('cc1c0001-0000-0000-0000-000000000001', 'cccc3333-0000-0000-0000-000000000001', 'Food & Drink', 'coffee', '#ef4444'),
  ('cc1c0002-0000-0000-0000-000000000001', 'cccc3333-0000-0000-0000-000000000001', 'Travel', 'plane', '#3b82f6'),
  ('cc1c0003-0000-0000-0000-000000000001', 'cccc3333-0000-0000-0000-000000000001', 'Books & Learning', 'book-open', '#22c55e')
ON CONFLICT (account_id, name) DO UPDATE SET id = EXCLUDED.id;

-- Household (Alice & Bob) Categories
INSERT INTO public.categories (id, account_id, name, icon, color) VALUES
  ('cab10001-0000-0000-0000-000000000001', 'abab1212-0000-0000-0000-000000000001', 'Groceries', 'shopping-cart', '#22c55e'),
  ('cab10002-0000-0000-0000-000000000001', 'abab1212-0000-0000-0000-000000000001', 'Utilities', 'zap', '#f59e0b'),
  ('cab10003-0000-0000-0000-000000000001', 'abab1212-0000-0000-0000-000000000001', 'Rent & Housing', 'home', '#6366f1'),
  ('cab10004-0000-0000-0000-000000000001', 'abab1212-0000-0000-0000-000000000001', 'Entertainment', 'tv', '#ec4899')
ON CONFLICT (account_id, name) DO UPDATE SET id = EXCLUDED.id;

-- Project Alpha (Alice & Charlie) Categories
INSERT INTO public.categories (id, account_id, name, icon, color) VALUES
  ('cac10001-0000-0000-0000-000000000001', 'acac1313-0000-0000-0000-000000000001', 'Software & Tools', 'code', '#3b82f6'),
  ('cac10002-0000-0000-0000-000000000001', 'acac1313-0000-0000-0000-000000000001', 'Hosting & Cloud', 'cloud', '#8b5cf6'),
  ('cac10003-0000-0000-0000-000000000001', 'acac1313-0000-0000-0000-000000000001', 'Marketing', 'megaphone', '#f59e0b')
ON CONFLICT (account_id, name) DO UPDATE SET id = EXCLUDED.id;

-- ============================================
-- TAGS (per account)
-- ============================================

-- Alice's Personal Tags
INSERT INTO public.tags (id, account_id, name, color) VALUES
  ('da1a0001-0000-0000-0000-000000000001', 'aaaa1111-0000-0000-0000-000000000001', 'Urgent', '#ef4444'),
  ('da1a0002-0000-0000-0000-000000000001', 'aaaa1111-0000-0000-0000-000000000001', 'Recurring', '#3b82f6'),
  ('da1a0003-0000-0000-0000-000000000001', 'aaaa1111-0000-0000-0000-000000000001', 'Business', '#22c55e');

-- Bob's Personal Tags
INSERT INTO public.tags (id, account_id, name, color) VALUES
  ('db1b0001-0000-0000-0000-000000000001', 'bbbb2222-0000-0000-0000-000000000001', 'Personal', '#6366f1'),
  ('db1b0002-0000-0000-0000-000000000001', 'bbbb2222-0000-0000-0000-000000000001', 'Work', '#f59e0b');

-- Charlie's Personal Tags
INSERT INTO public.tags (id, account_id, name, color) VALUES
  ('dc1c0001-0000-0000-0000-000000000001', 'cccc3333-0000-0000-0000-000000000001', 'Vacation', '#ec4899'),
  ('dc1c0002-0000-0000-0000-000000000001', 'cccc3333-0000-0000-0000-000000000001', 'Education', '#3b82f6');

-- Household Tags
INSERT INTO public.tags (id, account_id, name, color) VALUES
  ('dab10001-0000-0000-0000-000000000001', 'abab1212-0000-0000-0000-000000000001', 'Weekly', '#22c55e'),
  ('dab10002-0000-0000-0000-000000000001', 'abab1212-0000-0000-0000-000000000001', 'Monthly', '#8b5cf6'),
  ('dab10003-0000-0000-0000-000000000001', 'abab1212-0000-0000-0000-000000000001', 'Essential', '#ef4444');

-- Project Alpha Tags
INSERT INTO public.tags (id, account_id, name, color) VALUES
  ('dac10001-0000-0000-0000-000000000001', 'acac1313-0000-0000-0000-000000000001', 'MVP', '#22c55e'),
  ('dac10002-0000-0000-0000-000000000001', 'acac1313-0000-0000-0000-000000000001', 'Launch', '#f59e0b');

-- ============================================
-- EXPENSES - Alice's Personal (20 expenses spread across 2025)
-- ============================================

INSERT INTO public.expenses (id, account_id, user_id, category_id, amount, currency, description, date, account_currency) VALUES
  -- January 2025
  ('ea1a0001-0000-0000-0000-000000000001', 'aaaa1111-0000-0000-0000-000000000001', '11111111-1111-1111-1111-111111111111', 'ca1a0001-0000-0000-0000-000000000001', 45.50, 'EUR', 'New Year dinner at Italian restaurant', '2025-01-02', 'EUR'),
  ('ea1a0002-0000-0000-0000-000000000001', 'aaaa1111-0000-0000-0000-000000000001', '11111111-1111-1111-1111-111111111111', 'ca1a0002-0000-0000-0000-000000000001', 35.00, 'EUR', 'Monthly metro pass', '2025-01-01', 'EUR'),
  -- February 2025
  ('ea1a0003-0000-0000-0000-000000000001', 'aaaa1111-0000-0000-0000-000000000001', '11111111-1111-1111-1111-111111111111', 'ca1a0001-0000-0000-0000-000000000001', 12.80, 'EUR', 'Lunch at work', '2025-02-10', 'EUR'),
  ('ea1a0004-0000-0000-0000-000000000001', 'aaaa1111-0000-0000-0000-000000000001', '11111111-1111-1111-1111-111111111111', 'ca1a0004-0000-0000-0000-000000000001', 15.99, 'EUR', 'Netflix subscription', '2025-02-01', 'EUR'),
  -- March 2025
  ('ea1a0005-0000-0000-0000-000000000001', 'aaaa1111-0000-0000-0000-000000000001', '11111111-1111-1111-1111-111111111111', 'ca1a0003-0000-0000-0000-000000000001', 89.99, 'EUR', 'Spring jacket', '2025-03-15', 'EUR'),
  ('ea1a0006-0000-0000-0000-000000000001', 'aaaa1111-0000-0000-0000-000000000001', '11111111-1111-1111-1111-111111111111', 'ca1a0005-0000-0000-0000-000000000001', 25.00, 'EUR', 'Pharmacy - vitamins', '2025-03-22', 'EUR'),
  -- April 2025
  ('ea1a0007-0000-0000-0000-000000000001', 'aaaa1111-0000-0000-0000-000000000001', '11111111-1111-1111-1111-111111111111', 'ca1a0001-0000-0000-0000-000000000001', 8.50, 'EUR', 'Coffee and croissant', '2025-04-05', 'EUR'),
  ('ea1a0008-0000-0000-0000-000000000001', 'aaaa1111-0000-0000-0000-000000000001', '11111111-1111-1111-1111-111111111111', 'ca1a0004-0000-0000-0000-000000000001', 22.00, 'EUR', 'Cinema tickets', '2025-04-20', 'EUR'),
  -- May 2025
  ('ea1a0009-0000-0000-0000-000000000001', 'aaaa1111-0000-0000-0000-000000000001', '11111111-1111-1111-1111-111111111111', 'ca1a0003-0000-0000-0000-000000000001', 150.00, 'USD', 'Online electronics (US store)', '2025-05-12', 'EUR'),
  ('ea1a0010-0000-0000-0000-000000000001', 'aaaa1111-0000-0000-0000-000000000001', '11111111-1111-1111-1111-111111111111', 'ca1a0001-0000-0000-0000-000000000001', 38.00, 'EUR', 'Sushi restaurant', '2025-05-25', 'EUR'),
  -- June 2025
  ('ea1a0011-0000-0000-0000-000000000001', 'aaaa1111-0000-0000-0000-000000000001', '11111111-1111-1111-1111-111111111111', 'ca1a0002-0000-0000-0000-000000000001', 35.00, 'EUR', 'Monthly metro pass', '2025-06-01', 'EUR'),
  ('ea1a0012-0000-0000-0000-000000000001', 'aaaa1111-0000-0000-0000-000000000001', '11111111-1111-1111-1111-111111111111', 'ca1a0005-0000-0000-0000-000000000001', 45.00, 'EUR', 'Doctor visit copay', '2025-06-18', 'EUR'),
  -- July 2025
  ('ea1a0013-0000-0000-0000-000000000001', 'aaaa1111-0000-0000-0000-000000000001', '11111111-1111-1111-1111-111111111111', 'ca1a0003-0000-0000-0000-000000000001', 249.00, 'EUR', 'Summer sandals', '2025-07-08', 'EUR'),
  ('ea1a0014-0000-0000-0000-000000000001', 'aaaa1111-0000-0000-0000-000000000001', '11111111-1111-1111-1111-111111111111', 'ca1a0004-0000-0000-0000-000000000001', 15.99, 'EUR', 'Netflix subscription', '2025-07-01', 'EUR'),
  -- August 2025
  ('ea1a0015-0000-0000-0000-000000000001', 'aaaa1111-0000-0000-0000-000000000001', '11111111-1111-1111-1111-111111111111', 'ca1a0001-0000-0000-0000-000000000001', 28.50, 'EUR', 'Birthday dinner', '2025-08-15', 'EUR'),
  ('ea1a0016-0000-0000-0000-000000000001', 'aaaa1111-0000-0000-0000-000000000001', '11111111-1111-1111-1111-111111111111', 'ca1a0004-0000-0000-0000-000000000001', 89.00, 'EUR', 'Concert tickets', '2025-08-28', 'EUR'),
  -- September 2025
  ('ea1a0017-0000-0000-0000-000000000001', 'aaaa1111-0000-0000-0000-000000000001', '11111111-1111-1111-1111-111111111111', 'ca1a0003-0000-0000-0000-000000000001', 75.00, 'GBP', 'Online order from UK', '2025-09-10', 'EUR'),
  -- October 2025
  ('ea1a0018-0000-0000-0000-000000000001', 'aaaa1111-0000-0000-0000-000000000001', '11111111-1111-1111-1111-111111111111', 'ca1a0001-0000-0000-0000-000000000001', 15.00, 'EUR', 'Bakery - pastries', '2025-10-20', 'EUR'),
  -- November 2025
  ('ea1a0019-0000-0000-0000-000000000001', 'aaaa1111-0000-0000-0000-000000000001', '11111111-1111-1111-1111-111111111111', 'ca1a0005-0000-0000-0000-000000000001', 18.50, 'EUR', 'Pharmacy - cold medicine', '2025-11-05', 'EUR'),
  -- December 2025
  ('ea1a0020-0000-0000-0000-000000000001', 'aaaa1111-0000-0000-0000-000000000001', '11111111-1111-1111-1111-111111111111', 'ca1a0001-0000-0000-0000-000000000001', 65.00, 'EUR', 'Christmas dinner supplies', '2025-12-24', 'EUR');

-- ============================================
-- EXPENSES - Bob's Personal (16 expenses spread across 2025)
-- ============================================

INSERT INTO public.expenses (id, account_id, user_id, category_id, amount, currency, description, date, account_currency) VALUES
  -- January 2025
  ('eb1b0001-0000-0000-0000-000000000001', 'bbbb2222-0000-0000-0000-000000000001', '22222222-2222-2222-2222-222222222222', 'cb1b0003-0000-0000-0000-000000000001', 45.00, 'USD', 'Gym membership (monthly)', '2025-01-01', 'USD'),
  ('eb1b0002-0000-0000-0000-000000000001', 'bbbb2222-0000-0000-0000-000000000001', '22222222-2222-2222-2222-222222222222', 'cb1b0004-0000-0000-0000-000000000001', 14.99, 'USD', 'Spotify Premium', '2025-01-01', 'USD'),
  -- February 2025
  ('eb1b0003-0000-0000-0000-000000000001', 'bbbb2222-0000-0000-0000-000000000001', '22222222-2222-2222-2222-222222222222', 'cb1b0001-0000-0000-0000-000000000001', 32.50, 'USD', 'Steakhouse dinner', '2025-02-14', 'USD'),
  -- March 2025
  ('eb1b0004-0000-0000-0000-000000000001', 'bbbb2222-0000-0000-0000-000000000001', '22222222-2222-2222-2222-222222222222', 'cb1b0002-0000-0000-0000-000000000001', 299.00, 'USD', 'Wireless headphones', '2025-03-10', 'USD'),
  ('eb1b0005-0000-0000-0000-000000000001', 'bbbb2222-0000-0000-0000-000000000001', '22222222-2222-2222-2222-222222222222', 'cb1b0004-0000-0000-0000-000000000001', 9.99, 'USD', 'iCloud storage', '2025-03-05', 'USD'),
  -- April 2025
  ('eb1b0006-0000-0000-0000-000000000001', 'bbbb2222-0000-0000-0000-000000000001', '22222222-2222-2222-2222-222222222222', 'cb1b0001-0000-0000-0000-000000000001', 18.75, 'USD', 'Pizza delivery', '2025-04-17', 'USD'),
  -- May 2025
  ('eb1b0007-0000-0000-0000-000000000001', 'bbbb2222-0000-0000-0000-000000000001', '22222222-2222-2222-2222-222222222222', 'cb1b0002-0000-0000-0000-000000000001', 79.99, 'USD', 'USB-C hub', '2025-05-19', 'USD'),
  ('eb1b0008-0000-0000-0000-000000000001', 'bbbb2222-0000-0000-0000-000000000001', '22222222-2222-2222-2222-222222222222', 'cb1b0003-0000-0000-0000-000000000001', 65.00, 'USD', 'Running shoes', '2025-05-21', 'USD'),
  -- June 2025
  ('eb1b0009-0000-0000-0000-000000000001', 'bbbb2222-0000-0000-0000-000000000001', '22222222-2222-2222-2222-222222222222', 'cb1b0001-0000-0000-0000-000000000001', 45.00, 'USD', 'Summer BBQ dinner out', '2025-06-28', 'USD'),
  -- July 2025
  ('eb1b0010-0000-0000-0000-000000000001', 'bbbb2222-0000-0000-0000-000000000001', '22222222-2222-2222-2222-222222222222', 'cb1b0002-0000-0000-0000-000000000001', 1299.00, 'USD', 'New laptop', '2025-07-04', 'USD'),
  -- August 2025
  ('eb1b0011-0000-0000-0000-000000000001', 'bbbb2222-0000-0000-0000-000000000001', '22222222-2222-2222-2222-222222222222', 'cb1b0003-0000-0000-0000-000000000001', 45.00, 'USD', 'Gym membership (monthly)', '2025-08-01', 'USD'),
  ('eb1b0012-0000-0000-0000-000000000001', 'bbbb2222-0000-0000-0000-000000000001', '22222222-2222-2222-2222-222222222222', 'cb1b0004-0000-0000-0000-000000000001', 14.99, 'USD', 'Spotify Premium', '2025-08-01', 'USD'),
  -- September 2025
  ('eb1b0013-0000-0000-0000-000000000001', 'bbbb2222-0000-0000-0000-000000000001', '22222222-2222-2222-2222-222222222222', 'cb1b0001-0000-0000-0000-000000000001', 28.00, 'USD', 'Burger joint', '2025-09-10', 'USD'),
  -- October 2025
  ('eb1b0014-0000-0000-0000-000000000001', 'bbbb2222-0000-0000-0000-000000000001', '22222222-2222-2222-2222-222222222222', 'cb1b0002-0000-0000-0000-000000000001', 49.99, 'USD', 'Mechanical keyboard', '2025-10-15', 'USD'),
  -- November 2025
  ('eb1b0015-0000-0000-0000-000000000001', 'bbbb2222-0000-0000-0000-000000000001', '22222222-2222-2222-2222-222222222222', 'cb1b0003-0000-0000-0000-000000000001', 120.00, 'USD', 'Basketball shoes', '2025-11-18', 'USD'),
  -- December 2025
  ('eb1b0016-0000-0000-0000-000000000001', 'bbbb2222-0000-0000-0000-000000000001', '22222222-2222-2222-2222-222222222222', 'cb1b0004-0000-0000-0000-000000000001', 9.99, 'USD', 'iCloud storage', '2025-12-05', 'USD');

-- ============================================
-- EXPENSES - Charlie's Personal (14 expenses spread across 2025)
-- ============================================

INSERT INTO public.expenses (id, account_id, user_id, category_id, amount, currency, description, date, account_currency) VALUES
  -- January 2025
  ('ec1c0001-0000-0000-0000-000000000001', 'cccc3333-0000-0000-0000-000000000001', '33333333-3333-3333-3333-333333333333', 'cc1c0003-0000-0000-0000-000000000001', 19.99, 'GBP', 'Audiobook subscription', '2025-01-01', 'GBP'),
  -- February 2025
  ('ec1c0002-0000-0000-0000-000000000001', 'cccc3333-0000-0000-0000-000000000001', '33333333-3333-3333-3333-333333333333', 'cc1c0001-0000-0000-0000-000000000001', 28.50, 'GBP', 'Pub lunch', '2025-02-12', 'GBP'),
  ('ec1c0003-0000-0000-0000-000000000001', 'cccc3333-0000-0000-0000-000000000001', '33333333-3333-3333-3333-333333333333', 'cc1c0003-0000-0000-0000-000000000001', 45.99, 'GBP', 'Programming books', '2025-02-05', 'GBP'),
  -- March 2025
  ('ec1c0004-0000-0000-0000-000000000001', 'cccc3333-0000-0000-0000-000000000001', '33333333-3333-3333-3333-333333333333', 'cc1c0002-0000-0000-0000-000000000001', 125.00, 'GBP', 'Train tickets to Edinburgh', '2025-03-08', 'GBP'),
  -- April 2025
  ('ec1c0005-0000-0000-0000-000000000001', 'cccc3333-0000-0000-0000-000000000001', '33333333-3333-3333-3333-333333333333', 'cc1c0001-0000-0000-0000-000000000001', 5.50, 'GBP', 'Coffee at Costa', '2025-04-15', 'GBP'),
  ('ec1c0006-0000-0000-0000-000000000001', 'cccc3333-0000-0000-0000-000000000001', '33333333-3333-3333-3333-333333333333', 'cc1c0002-0000-0000-0000-000000000001', 85.00, 'EUR', 'Eurostar to Paris', '2025-04-20', 'GBP'),
  -- May 2025
  ('ec1c0007-0000-0000-0000-000000000001', 'cccc3333-0000-0000-0000-000000000001', '33333333-3333-3333-3333-333333333333', 'cc1c0003-0000-0000-0000-000000000001', 12.99, 'GBP', 'Kindle ebook', '2025-05-22', 'GBP'),
  -- June 2025
  ('ec1c0008-0000-0000-0000-000000000001', 'cccc3333-0000-0000-0000-000000000001', '33333333-3333-3333-3333-333333333333', 'cc1c0001-0000-0000-0000-000000000001', 35.00, 'GBP', 'Fish and chips dinner', '2025-06-25', 'GBP'),
  -- July 2025
  ('ec1c0009-0000-0000-0000-000000000001', 'cccc3333-0000-0000-0000-000000000001', '33333333-3333-3333-3333-333333333333', 'cc1c0002-0000-0000-0000-000000000001', 89.00, 'GBP', 'Train to Manchester', '2025-07-10', 'GBP'),
  -- August 2025
  ('ec1c0010-0000-0000-0000-000000000001', 'cccc3333-0000-0000-0000-000000000001', '33333333-3333-3333-3333-333333333333', 'cc1c0003-0000-0000-0000-000000000001', 29.99, 'GBP', 'Design patterns book', '2025-08-05', 'GBP'),
  ('ec1c0011-0000-0000-0000-000000000001', 'cccc3333-0000-0000-0000-000000000001', '33333333-3333-3333-3333-333333333333', 'cc1c0001-0000-0000-0000-000000000001', 4.20, 'GBP', 'Morning coffee', '2025-08-15', 'GBP'),
  -- September 2025
  ('ec1c0012-0000-0000-0000-000000000001', 'cccc3333-0000-0000-0000-000000000001', '33333333-3333-3333-3333-333333333333', 'cc1c0002-0000-0000-0000-000000000001', 250.00, 'EUR', 'Flight to Berlin', '2025-09-18', 'GBP'),
  -- October 2025
  ('ec1c0013-0000-0000-0000-000000000001', 'cccc3333-0000-0000-0000-000000000001', '33333333-3333-3333-3333-333333333333', 'cc1c0001-0000-0000-0000-000000000001', 18.50, 'GBP', 'Cafe brunch', '2025-10-22', 'GBP'),
  -- December 2025
  ('ec1c0014-0000-0000-0000-000000000001', 'cccc3333-0000-0000-0000-000000000001', '33333333-3333-3333-3333-333333333333', 'cc1c0001-0000-0000-0000-000000000001', 42.00, 'GBP', 'Christmas market food', '2025-12-23', 'GBP');

-- ============================================
-- EXPENSES - Household (Alice & Bob) - 20 expenses spread across 2025
-- ============================================

-- Expenses by Alice (10 total)
INSERT INTO public.expenses (id, account_id, user_id, category_id, amount, currency, description, date, account_currency) VALUES
  -- January 2025
  ('eab10001-0000-0000-0000-000000000001', 'abab1212-0000-0000-0000-000000000001', '11111111-1111-1111-1111-111111111111', 'cab10003-0000-0000-0000-000000000001', 1200.00, 'EUR', 'Rent - January', '2025-01-01', 'EUR'),
  -- February 2025
  ('eab10002-0000-0000-0000-000000000001', 'abab1212-0000-0000-0000-000000000001', '11111111-1111-1111-1111-111111111111', 'cab10002-0000-0000-0000-000000000001', 120.00, 'EUR', 'Electricity bill', '2025-02-10', 'EUR'),
  -- March 2025
  ('eab10003-0000-0000-0000-000000000001', 'abab1212-0000-0000-0000-000000000001', '11111111-1111-1111-1111-111111111111', 'cab10001-0000-0000-0000-000000000001', 85.40, 'EUR', 'Weekly groceries - Lidl', '2025-03-14', 'EUR'),
  -- April 2025
  ('eab10004-0000-0000-0000-000000000001', 'abab1212-0000-0000-0000-000000000001', '11111111-1111-1111-1111-111111111111', 'cab10001-0000-0000-0000-000000000001', 42.30, 'EUR', 'Groceries - organic store', '2025-04-18', 'EUR'),
  -- May 2025
  ('eab10005-0000-0000-0000-000000000001', 'abab1212-0000-0000-0000-000000000001', '11111111-1111-1111-1111-111111111111', 'cab10004-0000-0000-0000-000000000001', 49.99, 'EUR', 'Disney+ annual subscription', '2025-05-05', 'EUR'),
  -- July 2025
  ('eab10011-0000-0000-0000-000000000001', 'abab1212-0000-0000-0000-000000000001', '11111111-1111-1111-1111-111111111111', 'cab10001-0000-0000-0000-000000000001', 92.50, 'EUR', 'Weekly groceries - Aldi', '2025-07-16', 'EUR'),
  -- August 2025
  ('eab10012-0000-0000-0000-000000000001', 'abab1212-0000-0000-0000-000000000001', '11111111-1111-1111-1111-111111111111', 'cab10002-0000-0000-0000-000000000001', 115.00, 'EUR', 'Electricity bill', '2025-08-10', 'EUR'),
  -- September 2025
  ('eab10013-0000-0000-0000-000000000001', 'abab1212-0000-0000-0000-000000000001', '11111111-1111-1111-1111-111111111111', 'cab10003-0000-0000-0000-000000000001', 1200.00, 'EUR', 'Rent - September', '2025-09-01', 'EUR'),
  -- October 2025
  ('eab10014-0000-0000-0000-000000000001', 'abab1212-0000-0000-0000-000000000001', '11111111-1111-1111-1111-111111111111', 'cab10001-0000-0000-0000-000000000001', 38.90, 'EUR', 'Fresh vegetables market', '2025-10-20', 'EUR'),
  -- November 2025
  ('eab10015-0000-0000-0000-000000000001', 'abab1212-0000-0000-0000-000000000001', '11111111-1111-1111-1111-111111111111', 'cab10004-0000-0000-0000-000000000001', 29.99, 'EUR', 'Board games', '2025-11-25', 'EUR');

-- Expenses by Bob (10 total)
INSERT INTO public.expenses (id, account_id, user_id, category_id, amount, currency, description, date, account_currency) VALUES
  -- January 2025
  ('eab10006-0000-0000-0000-000000000001', 'abab1212-0000-0000-0000-000000000001', '22222222-2222-2222-2222-222222222222', 'cab10002-0000-0000-0000-000000000001', 45.00, 'EUR', 'Internet bill', '2025-01-15', 'EUR'),
  -- February 2025
  ('eab10007-0000-0000-0000-000000000001', 'abab1212-0000-0000-0000-000000000001', '22222222-2222-2222-2222-222222222222', 'cab10002-0000-0000-0000-000000000001', 35.00, 'EUR', 'Water bill', '2025-02-12', 'EUR'),
  -- March 2025
  ('eab10008-0000-0000-0000-000000000001', 'abab1212-0000-0000-0000-000000000001', '22222222-2222-2222-2222-222222222222', 'cab10004-0000-0000-0000-000000000001', 18.99, 'EUR', 'HBO Max subscription', '2025-03-01', 'EUR'),
  -- May 2025
  ('eab10009-0000-0000-0000-000000000001', 'abab1212-0000-0000-0000-000000000001', '22222222-2222-2222-2222-222222222222', 'cab10001-0000-0000-0000-000000000001', 67.80, 'EUR', 'Weekly groceries - Carrefour', '2025-05-21', 'EUR'),
  -- June 2025
  ('eab10010-0000-0000-0000-000000000001', 'abab1212-0000-0000-0000-000000000001', '22222222-2222-2222-2222-222222222222', 'cab10001-0000-0000-0000-000000000001', 156.00, 'EUR', 'Summer BBQ groceries', '2025-06-24', 'EUR'),
  -- July 2025
  ('eab10016-0000-0000-0000-000000000001', 'abab1212-0000-0000-0000-000000000001', '22222222-2222-2222-2222-222222222222', 'cab10001-0000-0000-0000-000000000001', 73.20, 'EUR', 'Weekly groceries - Tesco', '2025-07-23', 'EUR'),
  -- August 2025
  ('eab10017-0000-0000-0000-000000000001', 'abab1212-0000-0000-0000-000000000001', '22222222-2222-2222-2222-222222222222', 'cab10002-0000-0000-0000-000000000001', 45.00, 'EUR', 'Internet bill', '2025-08-15', 'EUR'),
  -- September 2025
  ('eab10018-0000-0000-0000-000000000001', 'abab1212-0000-0000-0000-000000000001', '22222222-2222-2222-2222-222222222222', 'cab10002-0000-0000-0000-000000000001', 32.00, 'EUR', 'Water bill', '2025-09-12', 'EUR'),
  -- October 2025
  ('eab10019-0000-0000-0000-000000000001', 'abab1212-0000-0000-0000-000000000001', '22222222-2222-2222-2222-222222222222', 'cab10004-0000-0000-0000-000000000001', 18.99, 'EUR', 'HBO Max subscription', '2025-10-01', 'EUR'),
  -- December 2025
  ('eab10020-0000-0000-0000-000000000001', 'abab1212-0000-0000-0000-000000000001', '22222222-2222-2222-2222-222222222222', 'cab10001-0000-0000-0000-000000000001', 89.00, 'EUR', 'Christmas groceries', '2025-12-28', 'EUR');

-- ============================================
-- EXPENSES - Project Alpha (Alice & Charlie) - 16 expenses spread across 2025
-- ============================================

-- Expenses by Alice (8 total)
INSERT INTO public.expenses (id, account_id, user_id, category_id, amount, currency, description, date, account_currency) VALUES
  -- January 2025
  ('eac10001-0000-0000-0000-000000000001', 'acac1313-0000-0000-0000-000000000001', '11111111-1111-1111-1111-111111111111', 'cac10001-0000-0000-0000-000000000001', 99.00, 'USD', 'GitHub Team subscription', '2025-01-01', 'EUR'),
  -- February 2025
  ('eac10002-0000-0000-0000-000000000001', 'acac1313-0000-0000-0000-000000000001', '11111111-1111-1111-1111-111111111111', 'cac10002-0000-0000-0000-000000000001', 50.00, 'USD', 'Vercel Pro plan', '2025-02-01', 'EUR'),
  -- April 2025
  ('eac10003-0000-0000-0000-000000000001', 'acac1313-0000-0000-0000-000000000001', '11111111-1111-1111-1111-111111111111', 'cac10003-0000-0000-0000-000000000001', 200.00, 'EUR', 'Facebook ads campaign', '2025-04-10', 'EUR'),
  -- May 2025
  ('eac10004-0000-0000-0000-000000000001', 'acac1313-0000-0000-0000-000000000001', '11111111-1111-1111-1111-111111111111', 'cac10001-0000-0000-0000-000000000001', 29.00, 'USD', 'Figma Pro monthly', '2025-05-05', 'EUR'),
  -- July 2025
  ('eac10009-0000-0000-0000-000000000001', 'acac1313-0000-0000-0000-000000000001', '11111111-1111-1111-1111-111111111111', 'cac10001-0000-0000-0000-000000000001', 99.00, 'USD', 'GitHub Team subscription', '2025-07-01', 'EUR'),
  -- September 2025
  ('eac10010-0000-0000-0000-000000000001', 'acac1313-0000-0000-0000-000000000001', '11111111-1111-1111-1111-111111111111', 'cac10002-0000-0000-0000-000000000001', 50.00, 'USD', 'Vercel Pro plan', '2025-09-01', 'EUR'),
  -- October 2025
  ('eac10011-0000-0000-0000-000000000001', 'acac1313-0000-0000-0000-000000000001', '11111111-1111-1111-1111-111111111111', 'cac10003-0000-0000-0000-000000000001', 350.00, 'EUR', 'Twitter/X ads campaign', '2025-10-15', 'EUR'),
  -- December 2025
  ('eac10012-0000-0000-0000-000000000001', 'acac1313-0000-0000-0000-000000000001', '11111111-1111-1111-1111-111111111111', 'cac10001-0000-0000-0000-000000000001', 29.00, 'USD', 'Figma Pro monthly', '2025-12-05', 'EUR');

-- Expenses by Charlie (8 total)
INSERT INTO public.expenses (id, account_id, user_id, category_id, amount, currency, description, date, account_currency) VALUES
  -- January 2025
  ('eac10005-0000-0000-0000-000000000001', 'acac1313-0000-0000-0000-000000000001', '33333333-3333-3333-3333-333333333333', 'cac10002-0000-0000-0000-000000000001', 25.00, 'USD', 'Supabase Pro plan', '2025-01-01', 'EUR'),
  -- March 2025
  ('eac10006-0000-0000-0000-000000000001', 'acac1313-0000-0000-0000-000000000001', '33333333-3333-3333-3333-333333333333', 'cac10001-0000-0000-0000-000000000001', 19.00, 'USD', 'Linear subscription', '2025-03-01', 'EUR'),
  -- May 2025
  ('eac10007-0000-0000-0000-000000000001', 'acac1313-0000-0000-0000-000000000001', '33333333-3333-3333-3333-333333333333', 'cac10003-0000-0000-0000-000000000001', 150.00, 'GBP', 'Google Ads campaign', '2025-05-15', 'EUR'),
  -- June 2025
  ('eac10008-0000-0000-0000-000000000001', 'acac1313-0000-0000-0000-000000000001', '33333333-3333-3333-3333-333333333333', 'cac10002-0000-0000-0000-000000000001', 12.00, 'USD', 'Domain renewal', '2025-06-20', 'EUR'),
  -- August 2025
  ('eac10013-0000-0000-0000-000000000001', 'acac1313-0000-0000-0000-000000000001', '33333333-3333-3333-3333-333333333333', 'cac10002-0000-0000-0000-000000000001', 25.00, 'USD', 'Supabase Pro plan', '2025-08-01', 'EUR'),
  -- September 2025
  ('eac10014-0000-0000-0000-000000000001', 'acac1313-0000-0000-0000-000000000001', '33333333-3333-3333-3333-333333333333', 'cac10001-0000-0000-0000-000000000001', 19.00, 'USD', 'Linear subscription', '2025-09-01', 'EUR'),
  -- November 2025
  ('eac10015-0000-0000-0000-000000000001', 'acac1313-0000-0000-0000-000000000001', '33333333-3333-3333-3333-333333333333', 'cac10003-0000-0000-0000-000000000001', 100.00, 'GBP', 'LinkedIn ads campaign', '2025-11-20', 'EUR'),
  -- December 2025
  ('eac10016-0000-0000-0000-000000000001', 'acac1313-0000-0000-0000-000000000001', '33333333-3333-3333-3333-333333333333', 'cac10002-0000-0000-0000-000000000001', 45.00, 'USD', 'AWS credits', '2025-12-10', 'EUR');

-- ============================================
-- EXPENSE TAGS (linking expenses to tags)
-- ============================================

-- Alice's Personal expense tags
INSERT INTO public.expense_tags (expense_id, tag_id) VALUES
  ('ea1a0002-0000-0000-0000-000000000001', 'da1a0002-0000-0000-0000-000000000001'),
  ('ea1a0004-0000-0000-0000-000000000001', 'da1a0002-0000-0000-0000-000000000001'),
  ('ea1a0009-0000-0000-0000-000000000001', 'da1a0003-0000-0000-0000-000000000001'),
  ('ea1a0011-0000-0000-0000-000000000001', 'da1a0002-0000-0000-0000-000000000001'),
  ('ea1a0014-0000-0000-0000-000000000001', 'da1a0002-0000-0000-0000-000000000001'),
  ('ea1a0017-0000-0000-0000-000000000001', 'da1a0003-0000-0000-0000-000000000001'),
  ('ea1a0016-0000-0000-0000-000000000001', 'da1a0001-0000-0000-0000-000000000001');

-- Bob's Personal expense tags
INSERT INTO public.expense_tags (expense_id, tag_id) VALUES
  ('eb1b0001-0000-0000-0000-000000000001', 'db1b0001-0000-0000-0000-000000000001'),
  ('eb1b0002-0000-0000-0000-000000000001', 'db1b0001-0000-0000-0000-000000000001'),
  ('eb1b0004-0000-0000-0000-000000000001', 'db1b0002-0000-0000-0000-000000000001'),
  ('eb1b0010-0000-0000-0000-000000000001', 'db1b0002-0000-0000-0000-000000000001'),
  ('eb1b0011-0000-0000-0000-000000000001', 'db1b0001-0000-0000-0000-000000000001'),
  ('eb1b0012-0000-0000-0000-000000000001', 'db1b0001-0000-0000-0000-000000000001');

-- Charlie's Personal expense tags
INSERT INTO public.expense_tags (expense_id, tag_id) VALUES
  ('ec1c0002-0000-0000-0000-000000000001', 'dc1c0001-0000-0000-0000-000000000001'),
  ('ec1c0003-0000-0000-0000-000000000001', 'dc1c0002-0000-0000-0000-000000000001'),
  ('ec1c0006-0000-0000-0000-000000000001', 'dc1c0001-0000-0000-0000-000000000001'),
  ('ec1c0009-0000-0000-0000-000000000001', 'dc1c0001-0000-0000-0000-000000000001'),
  ('ec1c0010-0000-0000-0000-000000000001', 'dc1c0002-0000-0000-0000-000000000001'),
  ('ec1c0012-0000-0000-0000-000000000001', 'dc1c0001-0000-0000-0000-000000000001'),
  ('ec1c0001-0000-0000-0000-000000000001', 'dc1c0002-0000-0000-0000-000000000001');

-- Household expense tags
INSERT INTO public.expense_tags (expense_id, tag_id) VALUES
  ('eab10003-0000-0000-0000-000000000001', 'dab10001-0000-0000-0000-000000000001'),
  ('eab10001-0000-0000-0000-000000000001', 'dab10002-0000-0000-0000-000000000001'),
  ('eab10001-0000-0000-0000-000000000001', 'dab10003-0000-0000-0000-000000000001'),
  ('eab10002-0000-0000-0000-000000000001', 'dab10002-0000-0000-0000-000000000001'),
  ('eab10006-0000-0000-0000-000000000001', 'dab10001-0000-0000-0000-000000000001'),
  ('eab10010-0000-0000-0000-000000000001', 'dab10003-0000-0000-0000-000000000001'),
  ('eab10011-0000-0000-0000-000000000001', 'dab10001-0000-0000-0000-000000000001'),
  ('eab10013-0000-0000-0000-000000000001', 'dab10002-0000-0000-0000-000000000001'),
  ('eab10013-0000-0000-0000-000000000001', 'dab10003-0000-0000-0000-000000000001'),
  ('eab10012-0000-0000-0000-000000000001', 'dab10002-0000-0000-0000-000000000001'),
  ('eab10016-0000-0000-0000-000000000001', 'dab10001-0000-0000-0000-000000000001'),
  ('eab10020-0000-0000-0000-000000000001', 'dab10003-0000-0000-0000-000000000001');

-- Project Alpha expense tags
INSERT INTO public.expense_tags (expense_id, tag_id) VALUES
  ('eac10001-0000-0000-0000-000000000001', 'dac10001-0000-0000-0000-000000000001'),
  ('eac10002-0000-0000-0000-000000000001', 'dac10001-0000-0000-0000-000000000001'),
  ('eac10003-0000-0000-0000-000000000001', 'dac10002-0000-0000-0000-000000000001'),
  ('eac10007-0000-0000-0000-000000000001', 'dac10002-0000-0000-0000-000000000001'),
  ('eac10009-0000-0000-0000-000000000001', 'dac10001-0000-0000-0000-000000000001'),
  ('eac10010-0000-0000-0000-000000000001', 'dac10001-0000-0000-0000-000000000001'),
  ('eac10011-0000-0000-0000-000000000001', 'dac10002-0000-0000-0000-000000000001'),
  ('eac10015-0000-0000-0000-000000000001', 'dac10002-0000-0000-0000-000000000001');
